Product_99,41
Product_98,20
Product_97,35
Product_96,24
Product_95,34
Product_94,36
Product_93,30
Product_92,29
Product_91,18
Product_90,34
Product_9,24
Product_89,34
Product_88,25
Product_87,40
Product_86,19
Product_85,28
Product_84,32
Product_83,29
Product_82,31
Product_81,22
Product_80,32
Product_8,22
Product_79,37
Product_78,23
Product_77,30
Product_76,31
Product_75,28
Product_74,26
Product_73,32
Product_72,26
Product_71,23
Product_70,28
Product_7,26
Product_69,31
Product_68,34
Product_67,42
Product_66,32
Product_65,38
Product_64,32
Product_63,27
Product_62,39
Product_61,32
Product_60,32
Product_6,40
Product_59,29
Product_58,35
Product_57,26
Product_56,26
Product_55,34
Product_54,30
Product_53,28
Product_52,33
Product_51,26
Product_50,28
Product_5,25
Product_49,29
Product_48,40
Product_47,35
Product_46,28
Product_45,27
Product_44,28
Product_43,29
Product_42,32
Product_41,34
Product_40,30
Product_4,22
Product_39,44
Product_38,31
Product_37,38
Product_36,34
Product_35,36
Product_34,34
Product_33,28
Product_32,26
Product_31,21
Product_30,25
Product_3,33
Product_29,34
Product_28,37
Product_27,28
Product_26,31
Product_25,27
Product_24,35
Product_23,27
Product_22,25
Product_21,32
Product_20,23
Product_2,38
Product_19,32
Product_18,21
Product_17,33
Product_16,35
Product_15,29
Product_14,33
Product_13,42
Product_120,35
Product_12,29
Product_119,35
Product_118,29
Product_117,42
Product_116,34
Product_115,37
Product_114,24
Product_113,34
Product_112,34
Product_111,26
Product_110,30
Product_11,33
Product_109,34
Product_108,26
Product_107,26
Product_106,33
Product_105,32
Product_104,27
Product_103,31
Product_102,23
Product_101,28
Product_100,31
Product_10,33
Product_1,19
NULL,456
